<?xml version="1.0"?>
<!-- REBUILD.XML simple encodingrecogniser build that presumes all files are already in the project directory. -->
<!-- Build with ant -f rebuild.xml zip -->
<!-- Compile and jar encodingrecogniser using ANT -->
<!-- Invoke with [ant clean] to erase class files and start over. -->
<!-- Invoke with [ant compile] to just compile. -->
<!-- Invoke with [ant jar] to compile and create jar files. -->
<!-- Invoke with [ant jet] to create JET executables. -->
<!-- Invoke with [ant zip] to create source code zip files. -->
<!-- For details of ANT use, see http://mindprod.com/jgloss/ant.html -->
<project name="encodingrecogniser" basedir="E:/" default="jar">


<!-- D E F I N I T I O N S -->
<!-- ANT.project.dir is com/mindprod/encodingrecogniser -->
<!-- basedir is E:/ -->

<!-- project is encodingrecogniser -->
<property name="project" value="encodingrecogniser" />

<!-- package.name is com.mindprod.encodingrecogniser -->
<property name="package.name" value="com.mindprod.encodingrecogniser" />

<!-- package.dir is com/mindprod/encodingrecogniser -->
<property name="package.dir" value="com/mindprod/encodingrecogniser" />

<!-- main.class is com.mindprod.encodingrecogniser.EncodingRecogniser -->
<property name="main.class" value="com.mindprod.encodingrecogniser.EncodingRecogniser" />

<!-- jar.name is encodingrecogniser.jar -->
<property name="jar.name" value="encodingrecogniser.jar" />

<!-- jar.file is com/mindprod/encodingrecogniser/encodingrecogniser.jar -->
<property name="jar.file" value="com/mindprod/encodingrecogniser/encodingrecogniser.jar" />

<!-- exe.file is com/mindprod/encodingrecogniser/encodingrecogniser.exe -->
<property name="exe.file" value="com/mindprod/encodingrecogniser/encodingrecogniser.exe" />

<!-- icon16.dir is E:/mindprod/image/icon16 -->
<property name="icon16.dir" value="E:/mindprod/image/icon16" />

<!-- icon32.dir is E:/mindprod/image/icon32 -->
<property name="icon32.dir" value="E:/mindprod/image/icon32" />

<!-- ico.dir is E:/mindprod/image/ico -->
<property name="ico.dir" value="E:/mindprod/image/ico" />

<!-- icon48.dir is E:/mindprod/image/icon48 -->
<property name="icon48.dir" value="E:/mindprod/image/icon48" />

<!-- icon64.dir is E:/mindprod/image/icon64 -->
<property name="icon64.dir" value="E:/mindprod/image/icon64" />

<!-- icon128.dir is E:/mindprod/image/icon128 -->
<property name="icon128.dir" value="E:/mindprod/image/icon128" />

<!-- pad.dir is E:/mindprod/pad -->
<property name="pad.dir" value="E:/mindprod/pad" />

<!-- precis.dir is E:/mindprod/precis -->
<property name="precis.dir" value="E:/mindprod/precis" />

<!-- screenshot.dir is E:/mindprod/image/screenshot -->
<property name="screenshot.dir" value="E:/mindprod/image/screenshot" />

<!-- splash.dir is E:/mindprod/image/splash -->
<property name="splash.dir" value="E:/mindprod/image/splash" />

<!-- extensions we distribute. Case sensitive! -->
<property name="distributed.exts" value="**/*.au,**/*.bat,**/*.btm,**/*.c*,**/*.class,**/*.dll,**/*.gif,**/*.h,**/*.hpp,**/*.htm,**/*.html,**/*.ico,**/*.ION,**/*.ion,**/*.jar,**/*.java,**/*.jnlp,**/*.jpg,**/*.look,**/*.png,**/*.properties,**/*.ser,**/*.txt,**/*.use,**/*.xml" />

<!-- dirs we don't distribute. Case sensitive! -->
<property name="nondistributed.dirs" value="**/jetpdb/*.*,**/Debug/*.*,**/Release/*.*" />

<!-- C L E A N -->
<target name="clean">
<echo message=":::    ${project}    ::: deleting all class, jar and zip files in tree" />
  <delete>
    <fileset dir="${package.dir}" includes="**/*.class" />
    <fileset dir="${package.dir}" includes="**/*.jar" />
    <fileset dir="${package.dir}" includes="${zip.name}" />
  </delete>
</target>

<!-- C O M P I L E -->
<target name="compile">
<echo message=":::    ${project}    ::: compiling tree." />
  <javac source="1.5" target="1.5" srcdir="${package.dir}" sourcepath="${basedir}" debug="on">
    <compilerarg value="-Xlint:unchecked" />
    <compilerarg value="-Xlint:fallthrough" />
    <compilerarg value="-Xlint:deprecation" />
  </javac>
</target>

<!-- J A V A H -->
<target name="javah" depends="compile">
  <!-- nothing to do -->
</target>

<!-- J A R -->
<!-- Make apache-ant-1.7.1\lib\GenJar.jar known to ANT -->
<!-- See http://mindprod.com/jgloss/genjar.html for details -->
<taskdef resource="genjar.properties" />

<target name="jar" depends="compile">
<echo message=":::    ${project}    ::: building jar." />
  <genjar jarfile="${jar.file}">
    <!-- include main class and all its dependencies -->
    <class name="${main.class}" />
    <!-- define the manifest -->
    <manifest>
      <attribute name="Main-Class" value="${main.class}" />
    </manifest>
  </genjar>

  <!-- S I G N -->
  <!-- get _your_ password from set jarsignerpassword=sesame -->
  <!-- get _your_ code-signing certificate from set cert=mindprodcert2009dsa -->
  <property environment="env" />
  <signjar jar="${jar.file}"
    alias="${env.cert}" storepass="${env.jarsignerpassword}" />
  <!-- bundle public key of code signing certificate for zip. -->
  <copy file="${jar.dir}/${env.cert}.cer" todir="${package.dir}" failonerror="true" overwrite="true" />
</target>

<!-- P R E J E T avoid JET compile if already done. -->
<target name="prejet">
<uptodate property="jet.uptodate" srcfile="${jar.file}" targetfile="${exe.file}" />
</target>

<!-- J E T -->
<!-- Requires Excelsior JET native Java compiler jc.exe on the path -->
<!-- See http://mindprod.com/jgloss/jet.html for details -->
<target name="jet" depends="prejet" unless="jet.uptodate">
<echo message=":::    ${project}    ::: jet compiling." />
  <exec executable="jc.exe" dir="${package.dir}">
    <arg value="-DECOR=" />
    <arg value="${jar.name}" />
  </exec>
</target>

<!-- Z I P -->
<target name="zip" depends="jar">
<echo message=":::    ${project}    ::: preparing javadoc." />
  <!-- prepare javadoc -->
  <javadoc
    author="true"
    destdir="${package.dir}/javadoc"
    packagenames="${package.name}.*"
    sourcepath="E:/"
    use="true"
    version="true"
     />
<echo message=":::    ${project}    ::: preparing zip distributable" />
  <zip destfile="${zip.file}" duplicate="preserve" filesonly="true">
    <!-- zipfileset includes all subdirs as well -->
    <zipfileset dir="${package.dir}" prefix="${package.dir}" includes="${distributed.exts}" excludes="${nondistributed.dirs}" />
    <zipfileset dir="com/mindprod/common11" prefix="com/mindprod/common11" includes="${distributed.exts}" excludes="${nondistributed.dirs}" />
    <zipfileset dir="com/mindprod/ledatastream" prefix="com/mindprod/ledatastream" includes="${distributed.exts}" excludes="${nondistributed.dirs}" />
    <zipfileset dir="com/mindprod/common13" prefix="com/mindprod/common13" includes="${distributed.exts}" excludes="${nondistributed.dirs}" />
    <zipfileset dir="com/mindprod/common15" prefix="com/mindprod/common15" includes="${distributed.exts}" excludes="${nondistributed.dirs}" />
  </zip>
</target>
</project>
